# {"t_start": 1574517855.5826716, "env_id": "BreakoutNoFrameskip-v4"} 
r,l,t
0.0,125,2.197697
0.0,129,3.426032
1.0,177,5.140978
5.0,307,8.388391
0.0,127,9.595003
1.0,173,11.387038
1.0,155,13.033425
0.0,129,14.324705
0.0,129,15.558703
0.0,129,16.822579
2.0,201,18.84162
1.0,171,20.580355
0.0,127,21.874942
0.0,127,23.21769
0.0,125,24.493226
2.0,226,26.752931
0.0,127,27.989508
1.0,169,29.673143
0.0,127,30.907177
9.0,403,35.215207
4.0,278,38.060988
1.0,177,39.766334
0.0,129,41.006969
0.0,129,42.240318
1.0,172,43.919662
1.0,159,45.460135
2.0,204,47.472
1.0,174,49.180038
0.0,129,50.423825
4.0,299,53.559049
2.0,202,55.583836
0.0,129,56.834968
0.0,129,58.09269
0.0,127,59.320499
2.0,202,61.361444
0.0,127,62.603192
0.0,127,63.842324
4.0,297,66.860167
2.0,202,68.896056
3.0,250,71.396771
2.0,225,73.665504
0.0,127,74.868049
2.0,184,76.749404
3.0,268,79.565115
2.0,202,81.755707
3.0,250,84.349997
0.0,129,85.641172
0.0,127,86.871387
0.0,125,88.147692
2.0,202,90.141603
3.0,248,92.696306
2.0,227,95.046971
4.0,301,98.112545
2.0,200,100.107852
0.0,129,101.48017
0.0,129,102.791528
1.0,173,104.489438
0.0,129,105.769689
2.0,202,107.822634
4.0,284,110.753359
1.0,155,112.320746
2.0,199,114.309351
1.0,157,115.944659
0.0,127,117.263355
1.0,173,118.97969
1.0,155,120.553977
0.0,127,121.904466
0.0,127,123.153913
1.0,173,124.892292
0.0,127,126.145714
0.0,127,127.360828
1.0,157,128.889769
1.0,157,130.43631
0.0,125,131.67692
1.0,157,133.178911
2.0,199,135.168625
0.0,127,136.421714
0.0,129,137.693093
2.0,204,139.753106
4.0,290,142.749004
0.0,129,144.081427
0.0,127,145.463716
3.0,250,148.180605
0.0,129,149.464027
5.0,312,152.955372
0.0,125,154.325578
0.0,123,155.523878
1.0,173,157.363865
2.0,187,159.40052
0.0,129,160.77071
1.0,175,162.663857
0.0,127,163.899245
3.0,248,166.41097
0.0,129,167.647322
1.0,155,169.194108
3.0,270,172.080917
1.0,177,173.997907
3.0,273,176.90242
0.0,125,178.133844
1.0,155,179.722652
2.0,203,181.823905
0.0,127,183.133032
0.0,129,184.520605
0.0,127,185.82137
3.0,272,188.642711
2.0,183,190.569809
4.0,320,193.956501
0.0,127,195.199307
0.0,129,196.501973
5.0,303,199.934908
0.0,127,201.230779
0.0,125,202.444297
0.0,129,203.734133
1.0,171,205.47523
1.0,174,207.217865
2.0,227,209.647116
3.0,266,212.582273
1.0,155,214.188556
1.0,175,216.037761
3.0,250,218.655434
1.0,171,220.512161
0.0,123,221.800177
3.0,234,224.27449
1.0,155,225.841735
0.0,127,227.081019
0.0,129,228.367658
0.0,127,229.612244
2.0,218,231.810229
0.0,127,233.025277
2.0,183,234.954123
1.0,155,236.554713
0.0,123,237.793026
1.0,173,239.537347
0.0,123,240.741008
1.0,157,242.27785
0.0,127,243.529515
1.0,173,245.35695
3.0,254,248.18827
0.0,129,249.588139
0.0,129,250.966517
0.0,127,252.285475
0.0,129,253.631416
2.0,202,255.866127
0.0,123,257.148729
1.0,175,259.031966
0.0,125,260.263793
3.0,274,263.271908
1.0,155,264.826324
2.0,220,267.07835
0.0,125,268.345573
1.0,177,270.236645
1.0,174,272.125077
1.0,178,273.978839
0.0,127,275.222074
2.0,223,277.579621
2.0,219,279.899913
0.0,129,281.219631
2.0,204,283.379275
0.0,127,284.614924
1.0,172,286.461341
2.0,199,288.596818
4.0,299,291.748944
1.0,155,293.418763
0.0,125,294.706629
0.0,127,296.048368
3.0,230,298.477825
6.0,419,303.119093
0.0,127,304.346521
2.0,222,306.622913
1.0,155,308.178807
0.0,129,309.43832
2.0,200,311.495762
1.0,157,313.093399
1.0,173,314.94925
2.0,201,317.013562
1.0,177,318.985415
0.0,127,320.34155
3.0,270,323.173569
2.0,202,325.402186
2.0,202,327.596307
0.0,129,328.869004
0.0,129,330.141299
0.0,127,331.400095
0.0,127,332.650246
3.0,271,335.516542
3.0,270,338.43339
1.0,175,340.341998
0.0,127,341.727699
3.0,272,344.716509
3.0,231,347.252599
3.0,233,349.648052
0.0,129,350.90664
3.0,252,353.657751
4.0,303,356.87339
3.0,248,359.456413
1.0,155,361.057993
1.0,175,362.841835
2.0,202,364.916383
0.0,129,366.241687
0.0,127,367.458746
1.0,174,369.288248
0.0,125,370.516642
0.0,129,371.824704
1.0,174,373.657486
0.0,129,374.921781
3.0,248,377.525239
1.0,172,379.373505
0.0,127,380.625042
0.0,127,381.970093
0.0,127,383.302424
1.0,173,385.160852
2.0,203,387.338527
0.0,127,388.687697
4.0,301,391.876025
1.0,155,393.473113
1.0,154,395.089411
2.0,220,397.481665
2.0,228,399.893692
2.0,188,401.826597
0.0,129,403.172917
0.0,125,404.457685
3.0,222,406.753745
2.0,227,409.158799
0.0,127,410.464346
0.0,129,411.770384
2.0,203,413.851299
4.0,301,417.018683
2.0,204,419.258752
2.0,202,421.361482
0.0,129,422.692126
1.0,175,424.515759
3.0,251,427.227122
0.0,129,428.582087
0.0,127,429.881076
1.0,177,431.767742
1.0,155,433.360881
0.0,127,434.598921
0.0,125,435.788942
2.0,202,437.828685
3.0,272,440.652398
2.0,203,442.790139
0.0,127,443.983026
2.0,222,446.305307
2.0,202,448.553374
0.0,129,449.934253
1.0,157,451.51236
0.0,129,452.835199
3.0,269,455.68273
3.0,268,458.472013
5.0,350,462.161376
0.0,125,463.341029
2.0,202,465.363426
6.0,360,469.272895
0.0,127,470.542215
5.0,326,474.006671
5.0,330,477.522436
0.0,129,478.866597
0.0,127,480.187484
2.0,200,482.20637
0.0,125,483.486964
0.0,129,484.816287
0.0,127,486.078135
0.0,127,487.409287
1.0,171,489.154106
1.0,177,490.955711
0.0,129,492.26942
14.0,505,497.580629
2.0,199,499.592763
0.0,127,500.809284
0.0,129,502.172644
0.0,127,503.556958
0.0,125,504.819204
5.0,352,508.554628
1.0,173,510.313978
9.0,404,514.654178
0.0,127,515.925257
6.0,382,520.239061
0.0,129,521.494527
0.0,127,522.75695
2.0,202,524.809307
2.0,202,527.022759
2.0,223,529.364203
3.0,230,531.88185
0.0,129,533.213022
0.0,127,534.431389
0.0,129,535.745594
9.0,404,540.23264
0.0,129,541.51099
0.0,129,542.794742
0.0,129,544.083373
0.0,129,545.397177
2.0,198,547.581728
9.0,403,551.827036
3.0,230,554.315392
2.0,202,556.517233
5.0,350,560.236017
0.0,129,561.569217
0.0,129,562.862893
0.0,127,564.085184
0.0,129,565.326922
0.0,127,566.597556
1.0,173,568.496638
0.0,129,569.856266
2.0,204,571.946502
9.0,404,576.270629
0.0,127,577.565069
0.0,125,578.833612
0.0,129,580.088171
3.0,248,582.632471
0.0,125,583.848673
0.0,127,585.099426
5.0,350,588.703429
4.0,297,591.986491
0.0,129,593.225912
4.0,299,596.438093
0.0,127,597.64409
0.0,127,598.848642
0.0,129,600.136651
0.0,127,601.610781
9.0,404,606.02917
4.0,299,609.379613
2.0,200,611.510431
0.0,127,612.813243
5.0,350,616.429331
0.0,127,617.676678
10.0,453,622.719364
0.0,129,624.098247
0.0,127,625.441614
0.0,129,626.806065
0.0,129,628.162296
7.0,320,631.505886
4.0,297,634.665508
1.0,177,636.449648
2.0,222,638.810743
0.0,125,640.126582
0.0,129,641.501654
2.0,202,643.544106
0.0,129,644.791077
0.0,129,646.14908
2.0,200,648.161356
1.0,157,649.674788
0.0,127,650.909537
5.0,352,654.65859
0.0,129,655.951843
7.0,411,660.216953
4.0,299,663.379382
0.0,125,664.583921
5.0,350,668.249423
0.0,125,669.454016
2.0,202,671.546457
0.0,129,672.803078
0.0,129,674.071528
4.0,318,677.567198
0.0,129,678.909109
1.0,174,680.772394
1.0,174,682.577326
0.0,127,683.812832
3.0,250,686.362216
2.0,200,688.374655
0.0,127,689.637301
0.0,129,690.875087
0.0,129,692.140147
0.0,129,693.477512
5.0,350,697.37186
5.0,329,700.937865
0.0,129,702.228762
0.0,127,703.436353
2.0,198,705.419484
0.0,129,706.682321
4.0,297,709.938166
0.0,129,711.219338
0.0,129,712.563099
3.0,248,715.252535
5.0,350,719.141176
0.0,127,720.389433
0.0,125,721.632951
2.0,224,723.899613
0.0,127,725.112427
2.0,200,727.156412
0.0,127,728.494834
4.0,299,731.630443
9.0,382,735.806318
0.0,127,736.993872
10.0,451,741.81802
0.0,129,743.112504
0.0,127,744.357667
4.0,297,747.580016
0.0,129,748.873204
2.0,200,750.993424
0.0,125,752.293925
2.0,202,754.523333
3.0,246,757.010118
2.0,202,759.09575
1.0,175,760.828715
2.0,202,762.954486
0.0,123,764.141536
0.0,129,765.408179
9.0,404,769.777239
0.0,129,771.082297
9.0,404,775.510723
2.0,198,777.582083
0.0,125,778.771857
0.0,129,780.01441
0.0,127,781.277549
0.0,129,782.639655
0.0,129,784.015553
0.0,127,785.315058
5.0,350,789.046089
0.0,125,790.273218
5.0,350,794.032639
0.0,127,795.308926
2.0,202,797.321772
0.0,127,798.603612
5.0,329,802.022941
2.0,202,804.015749
0.0,129,805.284305
5.0,350,809.104463
2.0,202,811.245872
9.0,404,815.50076
2.0,202,817.565221
0.0,127,818.845363
1.0,174,820.627567
0.0,127,821.948821
4.0,297,825.208398
0.0,129,826.541934
2.0,198,828.681932
0.0,129,830.041593
0.0,127,831.309402
0.0,123,832.548152
0.0,127,833.910235
1.0,173,835.708971
0.0,129,836.962624
0.0,129,838.239499
5.0,350,842.071906
0.0,129,843.329103
5.0,352,846.959888
0.0,129,848.340047
14.0,511,853.901783
0.0,129,855.28958
0.0,129,856.650862
5.0,350,860.391027
3.0,268,863.344615
0.0,127,864.637911
2.0,200,866.819106
4.0,297,870.057708
0.0,129,871.312581
10.0,431,876.05666
2.0,202,878.140486
0.0,125,879.315392
2.0,202,881.308883
0.0,127,882.55233
3.0,246,885.12407
0.0,129,886.401304
0.0,129,887.67277
1.0,173,889.449968
0.0,127,890.771948
4.0,299,894.141823
0.0,127,895.568667
0.0,129,896.931154
0.0,127,898.147727
0.0,127,899.367597
0.0,127,900.643518
0.0,129,901.915647
5.0,350,905.827252
2.0,198,907.8153
1.0,176,909.556659
0.0,129,910.801596
5.0,326,914.366284
0.0,127,915.675613
9.0,404,920.023957
10.0,453,924.9493
4.0,297,928.072649
0.0,129,929.363363
0.0,129,930.709893
0.0,127,932.004137
0.0,129,933.270855
2.0,202,935.323161
2.0,202,937.399498
0.0,127,938.696552
5.0,350,942.387055
0.0,125,943.616056
8.0,375,947.766675
6.0,396,952.241555
2.0,202,954.42201
1.0,175,956.248692
5.0,350,959.985552
0.0,127,961.262514
0.0,129,962.62308
0.0,125,963.903581
0.0,129,965.230448
0.0,129,966.561774
2.0,202,968.694557
2.0,202,970.912603
0.0,127,972.214166
0.0,129,973.464644
3.0,248,976.041615
0.0,129,977.314399
0.0,127,978.607735
0.0,123,979.919475
2.0,202,982.029097
1.0,176,983.830798
2.0,202,985.907389
1.0,173,987.719741
0.0,129,989.055563
2.0,202,991.214497
2.0,200,993.266892
2.0,200,995.386079
0.0,125,996.61443
0.0,127,997.944604
0.0,127,999.266188
0.0,125,1000.59832
0.0,127,1001.893763
3.0,246,1004.428994
5.0,350,1008.131047
0.0,129,1009.490918
12.0,528,1015.131081
9.0,404,1019.434357
3.0,246,1021.989332
0.0,129,1023.219427
9.0,404,1027.446475
4.0,297,1030.704115
0.0,125,1032.037596
2.0,202,1034.174363
10.0,431,1038.821176
5.0,350,1042.556801
0.0,129,1043.904348
0.0,129,1045.28079
0.0,129,1046.557017
0.0,127,1047.818167
0.0,129,1049.184577
0.0,125,1050.418404
0.0,127,1051.775733
10.0,431,1056.499302
5.0,347,1060.329484
2.0,198,1062.452711
2.0,200,1064.523092
0.0,125,1065.83646
9.0,404,1070.270456
5.0,347,1074.110635
0.0,125,1075.396174
0.0,125,1076.7205
4.0,299,1079.930436
1.0,175,1081.663284
0.0,129,1082.947404
1.0,170,1084.753091
3.0,248,1087.418425
0.0,129,1088.652313
2.0,198,1090.711838
0.0,127,1091.972397
9.0,404,1096.192391
5.0,350,1100.082317
2.0,198,1102.062914
2.0,202,1104.202569
0.0,127,1105.537875
5.0,352,1109.393511
0.0,129,1110.72635
2.0,202,1112.930277
0.0,125,1114.170879
0.0,125,1115.509976
0.0,127,1116.780141
0.0,125,1118.03764
3.0,246,1120.67063
2.0,200,1122.849197
2.0,202,1125.014102
2.0,200,1127.209343
5.0,350,1131.041416
1.0,153,1132.680038
0.0,127,1133.996839
8.0,450,1138.777705
5.0,352,1142.520927
0.0,129,1143.802497
0.0,129,1145.043884
2.0,202,1147.017768
5.0,352,1150.711243
0.0,129,1152.07059
3.0,230,1154.597764
0.0,127,1155.939383
5.0,350,1159.699189
0.0,125,1160.919723
0.0,125,1162.193698
10.0,433,1166.737429
1.0,178,1168.512428
0.0,129,1169.839319
1.0,178,1171.810396
4.0,297,1175.116742
3.0,270,1178.1019
0.0,129,1179.444442
0.0,129,1180.684837
3.0,248,1183.244915
0.0,127,1184.559935
9.0,403,1189.02526
0.0,129,1190.280542
0.0,129,1191.523971
9.0,404,1195.73683
3.0,248,1198.458033
2.0,198,1200.483009
0.0,125,1201.709135
5.0,350,1205.549756
12.0,425,1209.972508
0.0,129,1211.210675
0.0,125,1212.419688
4.0,295,1215.542174
0.0,127,1216.778049
0.0,125,1217.993904
0.0,123,1219.2336
0.0,129,1220.533144
0.0,127,1221.873677
0.0,129,1223.19201
5.0,350,1226.84753
1.0,177,1228.654164
2.0,200,1230.734365
5.0,328,1234.290813
1.0,175,1236.170819
0.0,129,1237.536338
5.0,350,1241.556625
0.0,127,1242.925169
3.0,247,1245.572906
1.0,155,1247.254785
3.0,246,1249.967564
0.0,129,1251.321545
0.0,129,1252.672994
0.0,129,1253.946405
2.0,202,1256.159206
0.0,127,1257.461638
5.0,350,1261.118391
0.0,127,1262.313406
2.0,198,1264.404418
2.0,198,1266.444307
10.0,450,1271.201951
2.0,202,1273.238358
0.0,127,1274.457196
0.0,127,1275.69767
2.0,200,1277.859044
3.0,246,1280.480927
4.0,297,1283.51763
0.0,129,1284.833709
0.0,127,1286.188716
9.0,404,1290.555777
0.0,129,1291.899159
0.0,127,1293.217258
9.0,404,1297.619668
1.0,153,1299.205422
0.0,129,1300.529232
5.0,352,1304.224829
2.0,202,1306.332538
0.0,129,1307.601402
1.0,175,1309.41041
2.0,198,1311.379322
0.0,129,1312.62512
10.0,453,1317.422275
1.0,157,1319.082741
2.0,202,1321.202208
4.0,319,1324.719939
0.0,127,1325.953862
12.0,527,1331.837487
1.0,173,1333.546987
2.0,220,1335.884859
4.0,298,1339.151894
0.0,127,1340.510942
6.0,380,1344.65096
0.0,127,1345.909279
0.0,125,1347.108844
0.0,127,1348.410854
5.0,352,1352.195614
0.0,125,1353.507937
9.0,403,1357.882313
4.0,299,1360.972225
1.0,153,1362.498383
2.0,202,1364.514664
0.0,127,1365.834941
11.0,482,1371.014089
9.0,404,1375.313945
5.0,350,1379.154521
1.0,157,1380.681665
2.0,200,1382.684911
0.0,125,1383.875719
9.0,404,1388.101972
0.0,127,1389.46819
5.0,329,1393.03294
1.0,157,1394.613717
0.0,129,1395.86918
10.0,435,1400.502265
0.0,129,1401.828008
0.0,125,1403.040582
2.0,202,1405.118702
0.0,129,1406.413668
3.0,250,1409.026356
4.0,299,1412.325361
1.0,157,1413.980538
1.0,158,1415.660362
0.0,125,1417.000787
4.0,295,1420.260759
0.0,129,1421.644134
0.0,125,1422.909407
0.0,129,1424.248455
0.0,129,1425.582842
0.0,125,1426.863827
0.0,129,1428.164526
0.0,129,1429.39517
0.0,129,1430.649271
2.0,200,1432.754764
1.0,157,1434.392287
4.0,297,1437.616888
0.0,129,1438.957735
0.0,129,1440.244742
9.0,404,1444.535862
0.0,127,1445.859899
1.0,176,1447.661286
0.0,129,1449.01702
0.0,125,1450.268722
2.0,202,1452.480657
0.0,129,1453.793291
5.0,352,1457.447765
0.0,129,1458.750275
0.0,127,1460.125296
5.0,350,1463.987379
0.0,127,1465.301028
0.0,129,1466.611672
0.0,127,1467.905311
2.0,202,1470.114333
0.0,127,1471.444767
0.0,127,1472.718674
0.0,129,1474.057716
1.0,175,1475.838581
4.0,319,1479.257112
2.0,202,1481.432693
0.0,127,1482.769687
0.0,129,1484.143954
1.0,173,1485.937135
2.0,218,1488.179574
0.0,129,1489.543444
0.0,129,1490.958448
4.0,282,1494.108341
5.0,350,1497.779957
2.0,202,1499.866713
1.0,171,1501.552674
1.0,157,1503.19804
2.0,202,1505.31574
0.0,125,1506.501494
1.0,155,1508.081172
9.0,404,1512.581738
4.0,297,1515.705287
2.0,202,1517.874831
0.0,129,1519.167137
9.0,404,1523.436107
0.0,129,1524.693477
5.0,372,1528.624923
1.0,173,1530.44028
2.0,202,1532.506279
0.0,127,1533.808523
0.0,129,1535.034974
0.0,127,1536.274101
2.0,202,1538.279051
1.0,174,1540.078952
5.0,350,1544.022353
5.0,350,1547.831613
0.0,127,1549.075753
0.0,125,1550.285393
6.0,396,1554.673167
9.0,506,1560.249066
6.0,399,1564.417716
9.0,403,1568.651099
10.0,474,1573.845313
2.0,202,1575.887422
0.0,123,1577.118391
0.0,129,1578.441301
10.0,434,1583.036855
4.0,321,1586.545124
9.0,404,1591.034942
0.0,125,1592.286911
1.0,178,1594.082941
3.0,248,1596.782501
3.0,226,1599.242047
0.0,129,1600.617289
0.0,127,1601.924984
1.0,157,1603.580507
6.0,377,1607.581234
0.0,127,1608.879361
0.0,129,1610.189163
4.0,299,1613.46582
2.0,202,1615.524342
0.0,127,1616.837488
2.0,207,1619.069533
2.0,202,1621.209559
11.0,483,1626.573348
9.0,404,1630.901109
5.0,350,1634.801704
2.0,202,1636.849511
0.0,129,1638.253633
0.0,129,1639.5653
0.0,127,1640.792447
9.0,404,1645.20829
0.0,129,1646.540277
0.0,129,1647.796276
1.0,153,1649.366765
1.0,178,1651.211732
4.0,320,1654.528955
5.0,350,1658.186488
0.0,127,1659.54082
4.0,320,1663.032399
0.0,129,1664.317906
0.0,127,1665.580915
0.0,125,1666.79585
0.0,123,1667.993019
1.0,155,1669.523061
8.0,462,1674.509078
2.0,220,1676.863259
5.0,350,1680.62088
6.0,378,1684.677039
0.0,127,1685.875302
4.0,299,1688.979032
0.0,127,1690.297258
4.0,278,1693.257389
2.0,202,1695.312215
3.0,255,1698.122712
0.0,129,1699.349876
0.0,127,1700.691578
0.0,129,1702.076648
2.0,182,1704.068904
3.0,250,1706.761541
1.0,176,1708.574879
0.0,129,1709.851296
5.0,350,1713.475746
3.0,248,1715.979506
0.0,129,1717.208725
4.0,275,1720.099758
1.0,155,1721.627822
0.0,129,1722.883948
5.0,350,1726.572482
4.0,297,1729.848078
0.0,127,1731.114862
12.0,530,1736.709725
0.0,129,1738.095163
2.0,223,1740.457021
0.0,127,1741.770115
0.0,125,1742.947743
0.0,129,1744.164219
0.0,129,1745.480044
1.0,157,1747.125093
0.0,127,1748.419306
5.0,350,1752.09643
0.0,127,1753.433848
4.0,299,1756.671323
3.0,268,1759.692438
2.0,202,1761.895179
0.0,125,1763.177866
5.0,350,1766.995116
2.0,198,1769.0232
1.0,153,1770.597091
0.0,127,1771.920991
5.0,344,1775.713109
0.0,129,1777.001262
10.0,434,1781.576161
2.0,198,1783.702843
1.0,173,1785.565349
0.0,127,1786.916383
9.0,402,1791.382713
5.0,350,1794.987009
2.0,202,1797.010335
9.0,404,1801.299965
2.0,223,1803.661639
3.0,270,1806.542498
4.0,294,1809.615699
0.0,129,1810.988371
5.0,352,1814.651337
4.0,297,1817.771617
0.0,127,1818.950978
0.0,129,1820.241606
1.0,173,1822.11314
0.0,127,1823.462517
2.0,202,1825.647414
4.0,297,1828.773215
5.0,372,1832.783754
0.0,125,1834.090349
1.0,157,1835.64403
2.0,221,1837.971384
0.0,129,1839.275725
10.0,434,1844.02031
0.0,129,1845.307487
3.0,235,1847.764029
3.0,271,1850.661939
1.0,175,1852.503122
3.0,213,1854.665546
4.0,297,1857.959731
4.0,277,1860.999888
5.0,350,1864.82462
1.0,178,1866.681782
0.0,125,1867.908756
0.0,129,1869.167868
5.0,350,1872.975918
1.0,155,1874.552346
2.0,200,1876.740108
3.0,230,1879.309273
0.0,127,1880.611561
7.0,450,1885.584993
5.0,350,1889.415677
0.0,125,1890.670714
4.0,299,1893.880732
0.0,129,1895.155197
1.0,155,1896.765383
1.0,171,1898.549041
0.0,127,1899.816499
1.0,173,1901.669724
5.0,367,1905.752293
0.0,129,1907.021285
3.0,237,1909.445124
10.0,432,1914.129783
5.0,350,1918.030038
0.0,129,1919.28803
7.0,430,1923.915403
4.0,299,1927.162688
0.0,127,1928.481438
0.0,127,1929.79904
1.0,174,1931.660241
5.0,352,1935.396039
1.0,175,1937.241653
2.0,202,1939.327692
0.0,125,1940.555804
0.0,127,1941.84559
5.0,347,1945.679945
0.0,125,1946.861622
9.0,380,1950.925117
0.0,125,1952.137573
1.0,157,1953.614512
2.0,203,1955.733915
0.0,129,1957.012322
2.0,207,1959.32041
2.0,200,1961.391207
0.0,129,1962.725279
1.0,155,1964.379591
2.0,227,1966.938864
0.0,129,1968.172981
3.0,255,1970.849257
2.0,202,1972.999837
2.0,202,1975.25157
0.0,129,1976.588364
0.0,129,1977.958979
1.0,155,1979.583143
3.0,246,1982.283105
0.0,123,1983.455109
3.0,252,1986.110754
1.0,173,1987.929016
1.0,154,1989.574298
3.0,253,1992.204154
0.0,127,1993.516355
5.0,350,1997.470654
0.0,127,1998.732022
2.0,206,2000.848905
1.0,176,2002.687377
2.0,202,2004.696456
2.0,202,2006.830867
0.0,127,2008.115683
3.0,228,2010.599766
0.0,129,2011.916577
4.0,299,2015.155566
5.0,350,2018.978559
6.0,397,2023.289033
3.0,235,2025.791046
1.0,153,2027.459796
1.0,155,2029.026339
9.0,404,2033.41188
1.0,157,2035.009626
4.0,297,2038.089388
5.0,329,2041.543076
3.0,235,2044.075478
0.0,125,2045.294464
1.0,155,2046.9623
8.0,372,2050.940987
6.0,397,2055.209208
0.0,127,2056.563388
2.0,202,2058.727162
4.0,296,2061.888824
6.0,366,2065.888662
0.0,129,2067.160301
1.0,157,2068.797621
0.0,127,2070.023178
1.0,173,2071.844999
9.0,404,2076.137972
1.0,173,2077.953086
1.0,155,2079.509254
0.0,127,2080.731068
10.0,454,2085.575294
0.0,127,2086.892788
1.0,176,2088.749137
0.0,129,2090.058946
2.0,200,2092.158142
0.0,129,2093.514866
0.0,129,2094.850419
5.0,352,2098.793209
4.0,297,2102.060393
3.0,248,2104.616004
1.0,173,2106.420919
2.0,202,2108.496309
2.0,202,2110.556571
2.0,198,2112.533598
0.0,129,2113.751076
7.0,449,2118.700997
0.0,129,2120.042357
2.0,224,2122.481181
2.0,202,2124.607425
2.0,203,2126.720879
0.0,127,2127.976079
0.0,125,2129.225678
1.0,172,2130.992934
2.0,205,2133.12937
5.0,352,2136.941527
1.0,157,2138.543815
0.0,125,2139.841566
0.0,127,2141.12761
0.0,129,2142.403051
5.0,350,2145.983673
2.0,202,2148.186881
2.0,227,2150.66039
0.0,125,2152.03424
1.0,157,2153.661867
5.0,359,2157.36065
3.0,272,2160.151708
0.0,127,2161.439638
3.0,248,2164.188884
1.0,157,2165.900975
1.0,155,2167.532592
1.0,151,2169.069353
11.0,498,2174.414917
0.0,129,2175.713182
4.0,301,2178.787931
2.0,181,2180.665184
4.0,295,2183.881275
2.0,192,2185.971819
0.0,129,2187.233521
1.0,155,2188.770817
4.0,297,2191.980111
4.0,297,2195.052747
5.0,352,2198.864399
2.0,202,2200.964684
1.0,172,2202.787371
0.0,127,2204.03995
1.0,175,2205.873105
3.0,248,2208.511129
1.0,155,2210.13279
1.0,159,2211.667233
4.0,321,2215.083758
5.0,352,2219.057745
0.0,127,2220.297458
1.0,173,2222.114624
0.0,129,2223.381191
1.0,175,2225.194479
2.0,202,2227.33847
5.0,372,2231.362594
0.0,127,2232.601717
10.0,430,2237.100157
1.0,176,2238.855184
1.0,157,2240.408109
2.0,187,2242.32638
2.0,227,2244.708877
5.0,350,2248.446754
0.0,127,2249.742297
7.0,426,2254.247717
1.0,177,2256.018567
3.0,275,2258.846301
0.0,129,2260.117599
0.0,127,2261.343884
1.0,176,2263.144982
2.0,185,2265.062623
0.0,127,2266.324742
3.0,230,2268.662662
2.0,217,2270.873075
2.0,202,2273.009
0.0,129,2274.28184
0.0,125,2275.60144
5.0,347,2279.245321
0.0,125,2280.533846
5.0,350,2284.145909
0.0,125,2285.341632
10.0,434,2290.085915
5.0,344,2293.828363
1.0,155,2295.364166
2.0,202,2297.493513
0.0,129,2298.727051
3.0,230,2301.259669
0.0,129,2302.589725
0.0,129,2303.936094
1.0,155,2305.61646
0.0,129,2306.966067
1.0,155,2308.580115
5.0,306,2311.770071
3.0,233,2314.158662
4.0,297,2317.293678
1.0,175,2319.157123
0.0,127,2320.434623
2.0,206,2322.606835
0.0,129,2323.945201
12.0,425,2328.613556
9.0,380,2332.814084
0.0,129,2334.054609
0.0,125,2335.24061
0.0,127,2336.468699
2.0,202,2338.552423
1.0,157,2340.17863
3.0,246,2342.880077
4.0,260,2345.610102
0.0,129,2346.858443
8.0,372,2350.749933
1.0,155,2352.354569
9.0,404,2356.67749
0.0,127,2358.011395
0.0,125,2359.351811
3.0,236,2361.965067
2.0,220,2364.213058
5.0,328,2367.561827
0.0,127,2368.774492
1.0,175,2370.532181
0.0,127,2371.778053
2.0,183,2373.59526
2.0,220,2375.820647
3.0,248,2378.317771
5.0,326,2381.885471
4.0,297,2385.237464
6.0,361,2389.139705
1.0,155,2390.786122
6.0,378,2394.954065
0.0,129,2396.311161
0.0,129,2397.629786
5.0,328,2401.190582
10.0,433,2405.595654
3.0,236,2408.103022
0.0,129,2409.406249
5.0,350,2413.091481
1.0,176,2414.974946
1.0,173,2416.746323
0.0,127,2418.104774
3.0,250,2420.755573
1.0,157,2422.338995
2.0,206,2424.411059
1.0,176,2426.23991
2.0,218,2428.54468
5.0,350,2432.356241
0.0,127,2433.593477
6.0,397,2438.070725
1.0,152,2439.659308
4.0,299,2442.959943
2.0,222,2445.268569
2.0,206,2447.367842
3.0,216,2449.633168
8.0,478,2454.639313
4.0,297,2457.649244
1.0,177,2459.409913
1.0,157,2460.958277
3.0,230,2463.241332
0.0,129,2464.498392
4.0,321,2468.019483
0.0,129,2469.394399
1.0,178,2471.335556
0.0,127,2472.566162
0.0,125,2473.777246
1.0,156,2475.307163
2.0,223,2477.591176
6.0,392,2481.790347
1.0,157,2483.438749
1.0,155,2485.009656
2.0,224,2487.342425
6.0,340,2491.055237
0.0,125,2492.3167
1.0,153,2493.993439
5.0,347,2497.811316
3.0,248,2500.506796
2.0,224,2502.881849
0.0,129,2504.137599
1.0,157,2505.824156
2.0,202,2507.949532
1.0,157,2509.50434
0.0,125,2510.746296
1.0,157,2512.352893
5.0,350,2515.98322
3.0,250,2518.605154
2.0,186,2520.587195
1.0,175,2522.455748
0.0,127,2523.66995
2.0,202,2525.852681
2.0,201,2528.050443
1.0,157,2529.690987
1.0,175,2531.570066
0.0,129,2532.832292
8.0,372,2536.66307
5.0,329,2540.215256
1.0,173,2541.958837
0.0,129,2543.210491
1.0,155,2544.809549
1.0,176,2546.534358
3.0,235,2548.867738
2.0,205,2550.910777
4.0,276,2553.814556
2.0,186,2555.773453
0.0,123,2557.015798
9.0,384,2560.981117
3.0,272,2563.848296
0.0,129,2565.206749
2.0,200,2567.412099
3.0,251,2570.170999
1.0,173,2572.032984
2.0,204,2574.131451
4.0,259,2576.961489
2.0,202,2579.090787
5.0,328,2582.72289
1.0,175,2584.498692
6.0,365,2588.336937
2.0,203,2590.372438
0.0,127,2591.585725
2.0,200,2593.628631
3.0,248,2596.255414
2.0,224,2598.717338
2.0,202,2600.825989
10.0,451,2605.719421
6.0,397,2610.035007
0.0,127,2611.285073
7.0,450,2616.107781
0.0,127,2617.459036
0.0,129,2618.854823
2.0,202,2620.933441
10.0,433,2625.439333
1.0,155,2627.048682
1.0,176,2628.920717
0.0,129,2630.176504
4.0,300,2633.262995
3.0,248,2635.821447
2.0,205,2637.985473
9.0,380,2641.966669
2.0,224,2644.327229
5.0,350,2648.114331
5.0,350,2651.8435
1.0,155,2653.3569
2.0,186,2655.197551
0.0,129,2656.591435
0.0,125,2657.853378
2.0,204,2659.894599
2.0,202,2662.054111
2.0,202,2664.199241
5.0,309,2667.539176
2.0,186,2669.378892
1.0,173,2671.262264
5.0,350,2675.031105
1.0,155,2676.652271
4.0,279,2679.729549
1.0,175,2681.482584
0.0,127,2682.743473
10.0,446,2687.675484
3.0,232,2690.059112
1.0,155,2691.63463
6.0,397,2696.042287
0.0,129,2697.42702
1.0,174,2699.190789
1.0,157,2700.792404
3.0,277,2703.658355
4.0,282,2706.53838
10.0,515,2712.0103
2.0,205,2714.041373
2.0,185,2715.892586
5.0,326,2719.496236
2.0,181,2721.389827
1.0,157,2723.047279
1.0,155,2724.704367
6.0,278,2727.740472
0.0,125,2728.911772
1.0,157,2730.581039
2.0,199,2732.730822
10.0,453,2737.555594
4.0,299,2740.709233
1.0,177,2742.490291
0.0,129,2743.773246
3.0,272,2746.83448
0.0,125,2748.072697
4.0,299,2751.143726
8.0,372,2755.145309
3.0,253,2757.766649
0.0,129,2759.078967
3.0,246,2761.634953
3.0,212,2763.952374
2.0,203,2766.074353
2.0,187,2767.946117
5.0,349,2771.611027
0.0,129,2772.860833
1.0,155,2774.483242
1.0,157,2776.119395
0.0,129,2777.435935
1.0,158,2779.049686
4.0,276,2782.036601
5.0,350,2785.650065
14.0,507,2791.054939
9.0,401,2795.471261
2.0,222,2797.681216
1.0,157,2799.222158
0.0,125,2800.512258
1.0,155,2802.168966
2.0,200,2804.328729
1.0,153,2805.932002
0.0,129,2807.19277
0.0,125,2808.420888
1.0,157,2810.033492
